{
  "project_info": {
    "project_number": "448095855405",
    "firebase_url": "https://pollution-prevention-system.firebaseio.com",
    "project_id": "pollution-prevention-system",
    "storage_bucket": "pollution-prevention-system.appspot.com"
  },
  "client": [
    {
      "client_info": {
        "mobilesdk_app_id": "1:448095855405:android:1104faf7d52b08334d69a4",
        "android_client_info": {
          "package_name": "com.example.pollutionpreventionsystem"
        }
      },
      "oauth_client": [
        {
          "client_id": "448095855405-uv3uat93pheltdcr97srobs1us0nt9bt.apps.googleusercontent.com",
          "client_type": 3
        }
      ],
      "api_key": [
        {
          "current_key": "AIzaSyBOcbY2ji7rnwlraRv7xeOBElNac0ETFMs"
        }
      ],
      "services": {
        "appinvite_service": {
          "other_platform_oauth_client": [
            {
              "client_id": "448095855405-uv3uat93pheltdcr97srobs1us0nt9bt.apps.googleusercontent.com",
              "client_type": 3
            }
          ]
        }
      }
    }
  ],
  "configuration_version": "1"
}